{
        "deltaTime" : 0,
        "videoSrc" : "MVI_1731.m4v",

        "camera" : {
                "position" : [1.185806316625526, -0.13295464370045595, -2.10526315789473],
                "quaternion" : [-1.7381517013410834e-33, 1, 3.2959746043559335e-17, 5.2735593007950446e-17]
        },

        "nGamepadFiles" : 4,
        "gamepadBaseUrl" : "gamepadrecords"
}