{
        "videoSrc" : "MVI_1731.m4v",

        "camera" : {
                "position" : [0.5864607667698591, -0.09942162866808224, -1.9547424301830718],
                "quaternion" : [0.0013815222255390428, 0.9805210297161281, 0.006901143893639998, -0.1962879809633504]
        },

        "videoToGamepadDelay" : -0.15,
        "nGamepadFiles" : 4,
        "gamepadBaseUrl" : "gamepadrecords"
}