{
        "videoSrc" : "MVI_0000.mp4",

        "fixedCamera" : {
                "position" : [0.7444583830319474, -0.1298512815631141, -1.758574601802707],
                "quaternion" : [-0.04489202718608608, 0.9423058512990086, 0.14084474129837604, 0.3003450417900393]
        },

        "nGamepadFiles" : 2,
        "videoToGamepadDelay" : 4.3,
        "gamepadBaseUrl" : "gamepadrecords"
}