{
        "videoSrc" : "../mvi_1733/MVI_1733.m4v",

        "camera" : {
                "position" : [0.9009834656721503, -0.3621246986617808, -2.0522469208465575],
                "quaternion" : [-0.001714606941652547, 0.9976955698818823, -0.027612157632736393, -0.06195299158805981]
        },

        "nWebvrFiles" : 1,
        "videoToWebvrDelay" : 0,
        "webvrBaseUrl" : "webvrrecords",

        "nGamepadFiles" : 5,
        "videoToGamepadDelay" : 0,
        "gamepadBaseUrl" : "gamepadrecords"        
}